,rmse,mean,median,std,min,max,sse
aligned_Exp2_ORB.tum,8.976624503374468,8.617143588698728,9.467127383408542,2.514880483508379,0.38201639818521926,11.333903291102576,14504.361745424925
