,rmse,mean,median,std,min,max,sse
aligned_Exp1_ORB.tum,0.14596453686770097,0.12705062217042898,0.10932289639857014,0.07185948391903003,0.015390386590246833,0.2933771024496402,2.663205752875305
