,rmse,mean,median,std,min,max,sse
aligned_Exp1_ORB.tum,0.1288493419543466,0.06997623531567053,0.02856543031656429,0.10819186389518415,0.0014529803531501938,0.851252652314316,2.05866696233645
