,rmse,mean,median,std,min,max,sse
aligned_Exp2_ORB.tum,0.2971003514728175,0.13878467507869083,0.06615853138678279,0.26269265845960355,0.0043886593731204395,1.7412930144312027,15.800082773303634
