,rmse,mean,median,std,min,max,sse
aligned_Exp2_ORB.tum,2.2152860647747716,1.9322801235159788,1.6909185426766982,1.0834139896873993,0.5766884338672753,4.0861545472967835,883.348622781353
