,rmse,mean,median,std,min,max,sse
aligned_Exp2_ORB.tum,0.11500078416741358,0.09154207847234244,0.06826686920871333,0.06960767362930285,0.011351120967448738,0.38911310817281486,2.3673072842824876
