,rmse,mean,median,std,min,max,sse
aligned_Exp2_ORB.tum,2.217071459192888,1.9937271114874928,1.989094371203278,0.9697721691652215,0.4862136001108741,3.704592053630653,943.7579241921948
