,rmse,mean,median,std,min,max,sse
aligned_Exp2_ORB.tum,0.11116848350663723,0.08355471597622763,0.05197386593773432,0.07332831078988118,0.007010994691655281,0.502650946745821,2.3604604595066054
