,rmse,mean,median,std,min,max,sse
aligned_Exp1_ORB.tum,1.944794653867891,1.7468809835295585,1.8770962209478996,0.8547707734217007,0.04714933235673189,3.0014623049452105,574.8983893483958
