,rmse,mean,median,std,min,max,sse
aligned_Exp1_ORB.tum,0.12703968333700288,0.09224755753877789,0.06160535110719795,0.08734683320244549,0.005514611649245049,0.618939922499689,2.437001252497261
