,rmse,mean,median,std,min,max,sse
aligned_Exp2_ORB.tum,2.596755127532472,2.253347040236861,1.9102868497830152,1.2905674366812296,0.5762219509887342,5.351423258019419,1301.4254781266736
