,rmse,mean,median,std,min,max,sse
aligned_Exp2_ORB.tum,0.13133995387730163,0.09437688295311497,0.06153005390270955,0.09134105018306804,0.0027265648197640504,0.8020208274351174,3.3120352290224093
