,rmse,mean,median,std,min,max,sse
aligned_Exp2_ORB.tum,0.6484897754142462,0.6111798384286737,0.5612276756001475,0.21679066842260505,0.285790774740706,1.3397295287430944,87.47210967389847
