,rmse,mean,median,std,min,max,sse
aligned_Exp2_ORB.tum,0.08418913778122905,0.047899355821525116,0.02442735549419391,0.0692348368397709,0.0029032124588922103,0.5665315073267446,1.467176860511781
