,rmse,mean,median,std,min,max,sse
aligned_Exp2_ORB.tum,2.6218064930222416,2.375346969763301,2.281084486914893,1.1097729768244908,0.2753288605535915,4.07792713560615,591.1527586694084
