,rmse,mean,median,std,min,max,sse
aligned_Exp1_ORB.tum,0.2330020705474564,0.20989099227926616,0.2161030948969269,0.10117181544000718,0.011860308799047795,0.4197863182092228,7.329145258719249
