,rmse,mean,median,std,min,max,sse
aligned_Exp2_ORB.tum,0.29229108041041757,0.1419570898894826,0.04877943904268634,0.2555039340550328,0.006899647832279211,1.2481105911700041,7.26189643343658
