,rmse,mean,median,std,min,max,sse
aligned_Exp1_ORB.tum,0.1084727485797382,0.06541563189381638,0.03201965497084726,0.08652821671787654,0.0012251783131970334,0.38321868938604847,1.5766891827153746
