,rmse,mean,median,std,min,max,sse
aligned_Exp2_ORB.tum,2.1138985300407276,1.8014014157383478,1.494812868889748,1.106128353620965,0.39818343836172126,5.694468840493273,728.3764202352609
