,rmse,mean,median,std,min,max,sse
aligned_Exp2_ORB.tum,0.13599335469445123,0.10218592111875131,0.06925761492445029,0.08973421892546432,0.016607426957410413,0.49620152101739495,2.9960591884102334
