,rmse,mean,median,std,min,max,sse
aligned_Exp1_ORB.tum,0.2531341120179348,0.22029972007929616,0.17369188712594189,0.12467923644333136,0.013900747972921144,0.47012137303843476,7.048456653381918
