,rmse,mean,median,std,min,max,sse
aligned_Exp1_ORB.tum,0.06136110595717628,0.0417207136000428,0.02614089978176697,0.044995192865360835,0.003688568372872182,0.2839905161768462,0.41040520034737177
