,rmse,mean,median,std,min,max,sse
aligned_Exp2_ORB.tum,3.1551872487949173,2.7391393070587102,2.4964768654462635,1.5659892820463273,0.5784203283841772,6.174250376941993,1881.5340426670696
