,rmse,mean,median,std,min,max,sse
aligned_Exp2_ORB.tum,0.13226148101319515,0.10457502880000838,0.07669795640122277,0.08097630956817681,0.019741329858981894,0.5254820806673633,3.2887026796431105
