,rmse,mean,median,std,min,max,sse
aligned_Exp2_ORB.tum,3.518752074599247,3.048440716808233,2.7305609098175636,1.757448536544445,0.762925500092891,6.881411528361221,2216.3092930868743
