,rmse,mean,median,std,min,max,sse
aligned_Exp2_ORB.tum,0.1557305116311333,0.11903714375505245,0.08288825285440943,0.10040991315369971,0.023269529301897716,0.6122408346071722,4.316854621015229
