,rmse,mean,median,std,min,max,sse
aligned_Exp2_ORB.tum,3.1669955768640814,3.0247765148954673,3.331149312486621,0.9383965147065957,0.18124379510934685,5.144759657874994,1223.643040032952
