,rmse,mean,median,std,min,max,sse
aligned_Exp1_ORB.tum,0.13014532976680093,0.11211130343865376,0.10972898301630811,0.06609737136524763,0.005623186245402881,0.26197147592921877,2.286603926114764
