,rmse,mean,median,std,min,max,sse
aligned_Exp2_ORB.tum,0.3096306996895807,0.1708335054261769,0.07988290403208781,0.2582384239691368,0.0034818103517997223,1.6331332736576316,11.600411593021374
