,rmse,mean,median,std,min,max,sse
aligned_Exp1_ORB.tum,0.12030577779648687,0.06514198576457432,0.022097453665256304,0.10114347167200495,0.0011826941574541003,0.4584582849166931,1.9394463429431679
