,rmse,mean,median,std,min,max,sse
aligned_Exp2_ORB.tum,1.5490173218245165,1.3614728587801477,1.248764005111263,0.7388141296140798,0.2185992652730863,2.785896496806017,1509.2569832234983
