,rmse,mean,median,std,min,max,sse
aligned_Exp1_ORB.tum,0.17075390939692453,0.15303980826002989,0.1500980099475424,0.0757345011343337,0.003952351694127821,0.33188324623445176,3.644612196791639
