,rmse,mean,median,std,min,max,sse
aligned_Exp1_ORB.tum,0.11720110893777089,0.06995544185711924,0.032114743378923886,0.09403369657106139,0.0019837403812185757,0.5494867084084204,1.7032763920941614
