,rmse,mean,median,std,min,max,sse
aligned_Exp2_ORB.tum,0.049282757303799836,0.029347565423389312,0.019006688427433836,0.039591799292089766,0.001408959300306804,0.6232214689960969,1.525280225168168
