,rmse,mean,median,std,min,max,sse
aligned_Exp2_ORB.tum,0.8624112373860296,0.8181352932088473,0.7768841914253487,0.27277790301961047,0.47220709094071633,1.6972746562510255,137.594331338395
