,rmse,mean,median,std,min,max,sse
aligned_Exp2_ORB.tum,0.08687694451738419,0.05139862184598362,0.027568438514513502,0.07004131038901418,0.0033552405183917343,0.5480008588932218,1.3887590419165037
