,rmse,mean,median,std,min,max,sse
aligned_Exp2_ORB.tum,3.511534071353884,3.1004788773054592,3.0931080203107975,1.648606158444723,0.6341954077867161,5.9165039650262,2219.556876170253
