,rmse,mean,median,std,min,max,sse
aligned_Exp2_ORB.tum,0.1466501127035479,0.11226104279730924,0.08494360471189075,0.09435949250618092,0.003987663845756291,0.7110583438082796,3.8496197445174314
