,rmse,mean,median,std,min,max,sse
aligned_Exp2_ORB.tum,2.072699343857792,1.812923903603334,1.7446306520511963,1.004683776007243,0.47147594589133934,4.8130486494871825,717.4457891947633
