,rmse,mean,median,std,min,max,sse
aligned_Exp2_ORB.tum,0.13109696327997264,0.0998295219762785,0.07468678291729912,0.0849734095068464,0.005074439164130727,0.6159381953840161,2.8529446876842615
