,rmse,mean,median,std,min,max,sse
aligned_Exp2_ORB.tum,4.8048728305902655,4.487904172753515,3.9030590502237814,1.7162514542822938,2.7110997426393553,8.019777009469562,2885.850364768063
