,rmse,mean,median,std,min,max,sse
aligned_Exp1_ORB.tum,0.15792647905163618,0.14071708855929016,0.14346631958375644,0.07169012326006816,0.010628798675523387,0.3270106198825783,2.943011188706332
