,rmse,mean,median,std,min,max,sse
aligned_Exp1_ORB.tum,0.11938601821159057,0.07272512096544143,0.026023396497707064,0.0946788156082455,0.0008641883429875881,0.4622959665094307,1.6676034972969336
