,rmse,mean,median,std,min,max,sse
aligned_Exp2_ORB.tum,0.2017651438018259,0.13310553298661168,0.06464521968974946,0.15163142926755493,0.011909366337717223,0.7682114692680913,5.047937483418064
