,rmse,mean,median,std,min,max,sse
aligned_Exp1_ORB.tum,0.19606921946681116,0.1727222185941487,0.1624905208936598,0.09279102341411945,0.003387000535190203,0.3559214220253043,4.497847242211974
