,rmse,mean,median,std,min,max,sse
aligned_Exp2_ORB.tum,0.8493008461553725,0.7544895016658845,0.7350010173687485,0.3899455335764177,0.1703804584999496,1.9209278538820584,127.67221112860102
