,rmse,mean,median,std,min,max,sse
aligned_Exp1_ORB.tum,0.16638922964059003,0.0751279769307793,0.030259719741629623,0.14846266474328584,0.0012403808562918694,1.1246822227692135,3.211503585885124
