,rmse,mean,median,std,min,max,sse
aligned_Exp2_ORB.tum,0.08988525161967545,0.0657594373316039,0.046043383606827235,0.06127850243407738,0.00439314211818648,0.36912473219861763,1.4219670887368967
