,rmse,mean,median,std,min,max,sse
aligned_Exp2_ORB.tum,3.121258103519687,2.747924513880907,2.7281688698865496,1.4802577528253964,0.6545791102822159,5.503642244814819,2094.5842119892723
