,rmse,mean,median,std,min,max,sse
aligned_Exp1_ORB.tum,0.16209161782658715,0.14473694558334144,0.13354177698312292,0.07297197511952966,0.013089311831574213,0.29528231633678786,4.75553835510491
