,rmse,mean,median,std,min,max,sse
aligned_Exp1_ORB.tum,0.0931582639010965,0.04869814350355797,0.017155644969172122,0.07941632673684432,0.00027470365664917785,0.5001319580075737,1.562123183951941
