,rmse,mean,median,std,min,max,sse
aligned_Exp2_ORB.tum,0.1134025803203966,0.0902922813795488,0.06761708681606612,0.06861085297968819,0.012395937177502342,0.4156298281501354,2.752071077791337
