,rmse,mean,median,std,min,max,sse
aligned_Exp2_ORB.tum,2.6128211698810055,2.2944635133348172,2.1301388058861876,1.2499086573640463,0.41243709314305965,4.689570678339848,1167.3886936480972
