,rmse,mean,median,std,min,max,sse
aligned_Exp2_ORB.tum,0.12643982219845432,0.10268519175700344,0.07922310147455364,0.07377519929762422,0.00493932750701249,0.40923631110702763,2.7177948683880455
